PassengerId,Survived,Pclass,Name,Sex,Age,SibSp,Parch,Ticket,Fare,Cabin,Embarked
1,0,2,Passenger_1,female,55.3,0,1,TKT10000,35.31,nan,S
2,1,3,Passenger_2,female,35.5,2,1,TKT10001,10.41,nan,S
3,0,1,Passenger_3,male,43.9,3,0,TKT10002,41.53,nan,C
4,0,2,Passenger_4,male,62.2,1,3,TKT10003,4.28,nan,S
5,0,3,Passenger_5,male,56.8,1,1,TKT10004,93.02,nan,C
6,0,3,Passenger_6,female,15.5,1,1,TKT10005,48.97,G6,S
7,1,1,Passenger_7,female,43.5,0,0,TKT10006,24.19,G6,S
8,1,2,Passenger_8,male,27.5,1,2,TKT10007,14.17,nan,C
9,0,2,Passenger_9,male,28.2,1,1,TKT10008,21.75,nan,C
10,0,3,Passenger_10,male,35.7,4,0,TKT10009,25.79,nan,S
11,0,3,Passenger_11,male,31.8,4,2,TKT10010,19.38,G6,S
12,0,3,Passenger_12,female,50.8,4,1,TKT10011,11.92,D56,S
13,1,3,Passenger_13,female,40.7,0,2,TKT10012,18.32,nan,S
14,1,2,Passenger_14,male,31.5,1,1,TKT10013,22.68,D56,S
15,0,1,Passenger_15,female,36.1,3,4,TKT10014,20.55,C85,S
16,0,3,Passenger_16,male,34.5,1,3,TKT10015,53.99,nan,S
17,1,3,Passenger_17,male,51.4,4,0,TKT10016,15.99,C85,S
18,0,2,Passenger_18,female,26.7,5,1,TKT10017,23.7,nan,Q
19,1,3,Passenger_19,male,34.2,1,3,TKT10018,8.59,E46,S
20,1,3,Passenger_20,male,17.3,4,4,TKT10019,47.77,nan,S
21,1,1,Passenger_21,male,0.4,1,2,TKT10020,11.37,nan,Q
22,0,1,Passenger_22,male,39.2,5,4,TKT10021,24.14,C123,S
23,0,2,Passenger_23,male,42.2,0,3,TKT10022,10.91,nan,S
24,0,3,Passenger_24,female,18.9,2,0,TKT10023,10.73,nan,C
25,1,3,Passenger_25,male,62.6,2,3,TKT10024,33.06,nan,C
26,1,3,Passenger_26,female,8.6,1,2,TKT10025,31.32,nan,S
27,1,3,Passenger_27,male,30.4,3,3,TKT10026,53.61,nan,S
28,1,3,Passenger_28,female,27.0,1,4,TKT10027,24.92,nan,S
29,1,1,Passenger_29,male,51.9,5,3,TKT10028,22.42,nan,S
30,1,3,Passenger_30,male,51.0,1,3,TKT10029,16.01,C123,C
31,0,3,Passenger_31,male,31.9,2,3,TKT10030,27.42,C85,C
32,0,3,Passenger_32,male,35.2,1,3,TKT10031,29.22,nan,S
33,0,3,Passenger_33,male,16.8,1,2,TKT10032,12.88,nan,S
34,0,3,Passenger_34,female,1.0,4,3,TKT10033,11.49,nan,S
35,1,2,Passenger_35,male,24.7,1,0,TKT10034,6.85,C85,S
36,0,3,Passenger_36,female,32.0,4,2,TKT10035,20.7,nan,S
37,0,2,Passenger_37,male,47.5,0,2,TKT10036,35.11,nan,C
38,0,2,Passenger_38,male,47.1,3,3,TKT10037,17.1,E46,C
39,0,1,Passenger_39,male,24.1,1,4,TKT10038,4.27,nan,S
40,1,2,Passenger_40,female,25.3,4,3,TKT10039,3.28,nan,S
41,1,3,Passenger_41,male,14.5,5,2,TKT10040,23.42,nan,S
42,1,2,Passenger_42,female,9.1,5,1,TKT10041,44.6,nan,Q
43,1,2,Passenger_43,male,5.0,4,0,TKT10042,25.42,nan,S
44,0,3,Passenger_44,male,58.0,5,4,TKT10043,19.23,nan,S
45,0,2,Passenger_45,female,22.3,5,4,TKT10044,8.23,nan,C
46,1,3,Passenger_46,male,23.3,1,4,TKT10045,1.86,E46,S
47,0,3,Passenger_47,male,11.5,2,2,TKT10046,45.43,nan,S
48,1,1,Passenger_48,male,41.0,2,4,TKT10047,48.81,nan,S
49,0,2,Passenger_49,male,6.3,1,4,TKT10048,39.93,C123,S
50,1,3,Passenger_50,female,26.6,1,1,TKT10049,73.82,nan,S
51,1,3,Passenger_51,male,16.7,2,1,TKT10050,46.08,nan,C
52,0,3,Passenger_52,female,35.3,1,1,TKT10051,23.77,nan,C
53,1,3,Passenger_53,male,22.3,1,4,TKT10052,23.19,nan,S
54,0,3,Passenger_54,male,12.6,2,4,TKT10053,48.66,nan,S
55,0,3,Passenger_55,female,29.3,4,3,TKT10054,64.59,nan,C
56,0,2,Passenger_56,female,35.9,0,2,TKT10055,13.24,nan,S
57,1,2,Passenger_57,male,30.7,1,3,TKT10056,4.13,nan,S
58,0,1,Passenger_58,male,34.1,2,2,TKT10057,24.25,C85,S
59,1,1,Passenger_59,female,20.5,5,3,TKT10058,28.31,nan,S
60,1,1,Passenger_60,female,24.4,1,1,TKT10059,57.47,C123,S
61,1,1,Passenger_61,female,19.9,1,4,TKT10060,63.12,nan,C
62,0,3,Passenger_62,male,24.5,4,1,TKT10061,26.95,G6,S
63,1,3,Passenger_63,female,17.9,0,3,TKT10062,8.6,nan,C
64,0,3,Passenger_64,male,4.7,1,2,TKT10063,10.6,nan,C
65,0,3,Passenger_65,male,32.3,0,0,TKT10064,19.36,nan,C
66,1,1,Passenger_66,male,23.9,2,0,TKT10065,76.69,D56,S
67,0,2,Passenger_67,male,6.1,2,4,TKT10066,28.75,nan,S
68,0,3,Passenger_68,male,36.4,5,4,TKT10067,46.26,nan,S
69,0,2,Passenger_69,male,16.5,3,3,TKT10068,17.48,E46,S
70,0,1,Passenger_70,male,30.5,4,2,TKT10069,36.52,nan,C
71,0,2,Passenger_71,male,40.3,2,2,TKT10070,14.16,nan,S
72,0,3,Passenger_72,male,31.6,5,1,TKT10071,4.65,nan,S
73,0,2,Passenger_73,male,46.2,1,3,TKT10072,10.27,nan,S
74,0,2,Passenger_74,female,11.8,1,1,TKT10073,54.1,nan,S
75,1,3,Passenger_75,male,35.5,2,3,TKT10074,37.6,nan,S
76,0,3,Passenger_76,male,19.8,3,3,TKT10075,20.95,nan,Q
77,0,2,Passenger_77,female,17.1,5,4,TKT10076,32.58,D56,S
78,0,1,Passenger_78,male,21.3,4,4,TKT10077,13.93,nan,S
79,0,3,Passenger_79,female,25.2,5,2,TKT10078,14.32,nan,S
80,0,3,Passenger_80,male,30.5,3,2,TKT10079,22.52,nan,S
81,1,3,Passenger_81,female,12.8,0,4,TKT10080,49.46,nan,S
82,0,1,Passenger_82,female,42.8,4,0,TKT10081,50.74,G6,S
83,1,1,Passenger_83,male,36.5,4,2,TKT10082,6.16,E46,S
84,0,3,Passenger_84,male,7.4,1,1,TKT10083,31.89,nan,S
85,0,1,Passenger_85,female,51.3,4,0,TKT10084,17.41,nan,Q
86,0,1,Passenger_86,female,57.2,4,1,TKT10085,66.23,nan,S
87,1,2,Passenger_87,male,46.8,1,3,TKT10086,15.49,C123,Q
88,0,3,Passenger_88,female,27.1,4,3,TKT10087,5.1,C85,S
89,1,3,Passenger_89,male,14.2,3,3,TKT10088,29.05,nan,S
90,0,1,Passenger_90,male,45.0,4,2,TKT10089,4.7,nan,S
91,0,3,Passenger_91,male,23.9,2,2,TKT10090,72.54,nan,S
92,1,3,Passenger_92,male,47.4,4,3,TKT10091,34.47,nan,S
93,0,3,Passenger_93,male,32.7,4,2,TKT10092,48.46,nan,S
94,0,3,Passenger_94,male,43.9,0,2,TKT10093,23.6,nan,S
95,0,1,Passenger_95,male,34.9,0,1,TKT10094,19.44,nan,S
96,1,3,Passenger_96,female,39.9,5,4,TKT10095,16.32,D56,S
97,1,3,Passenger_97,male,29.9,3,3,TKT10096,5.41,nan,S
98,1,3,Passenger_98,male,55.6,0,0,TKT10097,14.45,nan,S
99,0,3,Passenger_99,female,31.5,5,4,TKT10098,24.18,G6,S
100,1,2,Passenger_100,male,35.5,3,4,TKT10099,20.45,nan,S
101,0,3,Passenger_101,male,57.0,5,1,TKT10100,14.02,nan,C
102,0,1,Passenger_102,male,10.2,0,3,TKT10101,24.62,nan,S
103,1,1,Passenger_103,male,11.3,0,0,TKT10102,50.17,nan,C
104,1,3,Passenger_104,male,43.8,1,0,TKT10103,7.62,nan,S
105,1,2,Passenger_105,male,12.7,3,1,TKT10104,19.06,nan,S
106,0,2,Passenger_106,male,57.9,5,4,TKT10105,29.84,E46,S
107,1,2,Passenger_107,male,23.7,4,1,TKT10106,1.53,C85,Q
108,1,2,Passenger_108,male,18.9,0,0,TKT10107,39.01,nan,S
109,0,3,Passenger_109,female,57.6,3,4,TKT10108,27.98,D56,S
110,0,3,Passenger_110,female,51.2,4,4,TKT10109,92.92,nan,C
111,1,3,Passenger_111,female,56.8,0,1,TKT10110,10.34,nan,C
112,0,3,Passenger_112,male,42.8,2,3,TKT10111,26.54,nan,S
113,1,3,Passenger_113,male,17.2,4,2,TKT10112,7.14,E46,S
114,1,2,Passenger_114,female,57.4,0,4,TKT10113,16.27,nan,S
115,1,2,Passenger_115,male,25.8,0,4,TKT10114,17.26,G6,S
116,0,3,Passenger_116,male,41.3,5,2,TKT10115,50.96,nan,S
117,1,3,Passenger_117,male,43.4,4,0,TKT10116,21.0,nan,S
118,0,1,Passenger_118,female,27.5,3,2,TKT10117,9.96,nan,S
119,0,3,Passenger_119,female,38.6,1,1,TKT10118,66.49,G6,C
120,1,2,Passenger_120,male,43.1,5,4,TKT10119,14.17,nan,S
121,0,3,Passenger_121,female,35.2,0,4,TKT10120,10.42,nan,C
122,0,1,Passenger_122,male,13.8,3,3,TKT10121,7.24,nan,S
123,0,3,Passenger_123,female,34.0,2,0,TKT10122,63.79,nan,S
124,1,3,Passenger_124,male,48.9,5,1,TKT10123,65.28,nan,S
125,0,2,Passenger_125,female,19.6,4,2,TKT10124,25.5,C123,S
126,0,3,Passenger_126,male,27.5,3,0,TKT10125,91.78,nan,S
127,0,3,Passenger_127,male,23.4,3,0,TKT10126,20.0,nan,C
128,0,3,Passenger_128,male,56.5,3,1,TKT10127,31.27,nan,Q
129,0,1,Passenger_129,male,39.4,1,3,TKT10128,29.42,nan,S
130,1,3,Passenger_130,male,35.6,1,1,TKT10129,30.9,nan,S
131,1,2,Passenger_131,female,18.5,5,1,TKT10130,12.84,C85,S
132,0,3,Passenger_132,male,37.5,5,3,TKT10131,11.6,nan,S
133,0,3,Passenger_133,male,19.9,2,0,TKT10132,41.48,E46,C
134,1,3,Passenger_134,male,30.2,0,0,TKT10133,14.36,nan,S
135,1,1,Passenger_135,male,20.5,1,2,TKT10134,22.98,nan,S
136,0,3,Passenger_136,female,39.5,5,3,TKT10135,24.29,nan,S
137,1,3,Passenger_137,female,38.1,1,0,TKT10136,9.97,nan,S
138,0,3,Passenger_138,male,26.7,1,0,TKT10137,70.61,E46,S
139,1,3,Passenger_139,female,35.4,1,3,TKT10138,44.24,nan,S
140,0,3,Passenger_140,male,13.9,5,4,TKT10139,26.45,C123,S
141,0,3,Passenger_141,male,8.1,5,0,TKT10140,30.3,nan,S
142,1,3,Passenger_142,male,36.1,2,3,TKT10141,28.58,nan,C
143,1,3,Passenger_143,male,32.1,3,4,TKT10142,38.14,nan,S
144,1,3,Passenger_144,female,38.9,4,4,TKT10143,18.15,nan,S
145,1,3,Passenger_145,female,64.3,4,0,TKT10144,21.9,nan,Q
146,0,1,Passenger_146,male,43.4,3,2,TKT10145,53.3,C123,S
147,1,1,Passenger_147,female,16.5,0,1,TKT10146,11.33,nan,C
148,1,1,Passenger_148,female,45.9,2,2,TKT10147,54.08,C123,C
149,1,3,Passenger_149,female,10.6,2,2,TKT10148,19.8,G6,S
150,0,2,Passenger_150,female,23.0,1,0,TKT10149,3.42,C85,S
151,0,3,Passenger_151,female,28.7,3,3,TKT10150,28.27,D56,S
152,0,3,Passenger_152,male,54.5,1,3,TKT10151,31.87,G6,S
153,1,2,Passenger_153,female,18.9,4,4,TKT10152,53.19,nan,S
154,1,3,Passenger_154,female,17.7,4,2,TKT10153,49.45,nan,S
155,1,3,Passenger_155,male,28.3,3,1,TKT10154,2.39,nan,S
156,1,3,Passenger_156,male,20.1,4,4,TKT10155,55.37,nan,S
157,1,3,Passenger_157,male,46.0,5,1,TKT10156,2.23,nan,S
158,1,3,Passenger_158,female,14.0,2,4,TKT10157,12.08,C85,S
159,0,1,Passenger_159,male,13.1,1,3,TKT10158,14.22,nan,Q
160,0,3,Passenger_160,female,23.4,2,0,TKT10159,82.35,nan,S
161,0,3,Passenger_161,female,22.5,3,1,TKT10160,22.72,nan,S
162,0,3,Passenger_162,male,57.7,3,0,TKT10161,27.88,nan,C
163,1,1,Passenger_163,male,43.5,4,4,TKT10162,19.34,nan,S
164,1,2,Passenger_164,male,31.0,0,4,TKT10163,14.22,D56,S
165,1,2,Passenger_165,female,11.9,5,0,TKT10164,30.05,nan,S
166,0,2,Passenger_166,male,41.9,0,3,TKT10165,11.59,D56,C
167,0,3,Passenger_167,male,15.2,3,1,TKT10166,18.03,nan,S
168,1,3,Passenger_168,female,7.3,2,0,TKT10167,30.35,nan,C
169,0,2,Passenger_169,male,46.9,5,4,TKT10168,4.24,C123,S
170,0,1,Passenger_170,female,34.3,1,1,TKT10169,25.39,C123,S
171,1,3,Passenger_171,male,43.1,0,1,TKT10170,31.33,nan,C
172,0,3,Passenger_172,male,34.3,0,2,TKT10171,6.87,C85,Q
173,1,1,Passenger_173,male,42.1,2,1,TKT10172,58.98,nan,S
174,0,1,Passenger_174,male,20.3,3,3,TKT10173,46.13,nan,S
175,1,3,Passenger_175,female,14.7,4,0,TKT10174,23.61,nan,C
176,0,3,Passenger_176,male,39.6,5,3,TKT10175,66.58,nan,S
177,0,3,Passenger_177,female,18.1,2,2,TKT10176,86.73,C85,S
178,0,3,Passenger_178,female,19.7,3,3,TKT10177,33.53,E46,S
179,0,2,Passenger_179,male,23.1,5,1,TKT10178,33.22,D56,S
180,0,2,Passenger_180,male,30.0,5,1,TKT10179,61.71,nan,C
181,1,3,Passenger_181,male,24.6,1,1,TKT10180,11.06,nan,S
182,1,3,Passenger_182,male,9.8,3,0,TKT10181,15.94,nan,S
183,1,1,Passenger_183,male,20.4,4,4,TKT10182,15.74,nan,S
184,1,2,Passenger_184,male,0.4,3,4,TKT10183,44.94,E46,S
185,0,2,Passenger_185,male,38.8,3,2,TKT10184,45.25,nan,S
186,0,1,Passenger_186,male,6.5,2,3,TKT10185,38.85,nan,C
187,0,3,Passenger_187,male,13.7,4,4,TKT10186,45.0,nan,C
188,1,3,Passenger_188,male,30.5,4,0,TKT10187,20.89,D56,S
189,0,3,Passenger_189,female,19.0,0,1,TKT10188,78.32,nan,S
190,0,1,Passenger_190,female,52.1,0,2,TKT10189,20.13,C123,S
191,0,1,Passenger_191,male,11.0,1,1,TKT10190,26.84,nan,Q
192,1,2,Passenger_192,female,33.6,1,0,TKT10191,6.1,nan,S
193,0,2,Passenger_193,female,29.1,4,1,TKT10192,24.59,nan,S
194,0,3,Passenger_194,female,12.8,5,0,TKT10193,31.57,nan,S
195,0,3,Passenger_195,female,37.3,5,3,TKT10194,36.94,C85,S
196,0,2,Passenger_196,male,27.2,3,0,TKT10195,24.73,nan,S
197,1,3,Passenger_197,male,40.9,0,3,TKT10196,12.92,C85,S
198,1,3,Passenger_198,female,41.6,1,3,TKT10197,11.87,nan,Q
199,1,3,Passenger_199,male,61.1,4,3,TKT10198,16.65,nan,S
200,1,3,Passenger_200,male,49.1,3,1,TKT10199,29.15,E46,C
201,0,1,Passenger_201,female,24.3,2,1,TKT10200,21.99,nan,S
202,0,2,Passenger_202,female,26.2,3,1,TKT10201,30.69,nan,S
203,0,3,Passenger_203,male,45.6,0,2,TKT10202,28.97,nan,S
204,1,1,Passenger_204,female,39.2,5,2,TKT10203,20.35,nan,S
205,1,3,Passenger_205,female,39.0,3,4,TKT10204,44.56,nan,S
206,0,3,Passenger_206,male,6.3,0,2,TKT10205,2.05,nan,Q
207,1,2,Passenger_207,male,29.3,2,1,TKT10206,9.43,C123,S
208,1,3,Passenger_208,male,19.0,3,2,TKT10207,9.89,D56,S
209,0,3,Passenger_209,male,33.8,2,2,TKT10208,28.33,C85,C
210,1,3,Passenger_210,male,28.3,0,2,TKT10209,27.52,nan,Q
211,1,3,Passenger_211,male,42.9,0,4,TKT10210,73.65,nan,S
212,0,1,Passenger_212,male,34.3,0,3,TKT10211,68.15,nan,C
213,0,3,Passenger_213,male,41.1,5,1,TKT10212,13.7,nan,S
214,1,2,Passenger_214,female,22.9,4,1,TKT10213,36.78,nan,S
215,0,3,Passenger_215,male,16.0,0,4,TKT10214,13.76,nan,C
216,0,2,Passenger_216,female,23.8,1,0,TKT10215,18.49,nan,S
217,0,2,Passenger_217,female,29.5,3,3,TKT10216,32.44,nan,S
218,0,2,Passenger_218,male,35.2,5,4,TKT10217,11.71,C85,C
219,1,3,Passenger_219,male,62.5,4,1,TKT10218,38.43,nan,S
220,0,3,Passenger_220,male,29.1,2,2,TKT10219,36.96,C123,S
221,1,1,Passenger_221,male,15.8,2,4,TKT10220,35.74,nan,S
222,0,2,Passenger_222,male,24.7,1,0,TKT10221,33.17,nan,S
223,0,3,Passenger_223,female,23.0,3,4,TKT10222,20.55,nan,Q
224,0,3,Passenger_224,female,36.7,5,0,TKT10223,6.58,nan,S
225,1,2,Passenger_225,male,7.4,1,4,TKT10224,90.68,nan,S
226,0,3,Passenger_226,male,30.6,5,0,TKT10225,25.55,E46,S
227,0,3,Passenger_227,female,32.0,3,4,TKT10226,34.19,E46,S
228,0,3,Passenger_228,male,33.1,5,0,TKT10227,18.88,nan,C
229,0,3,Passenger_229,male,21.0,2,0,TKT10228,7.86,nan,S
230,0,3,Passenger_230,male,26.3,1,4,TKT10229,21.78,nan,S
231,0,3,Passenger_231,male,9.1,2,1,TKT10230,22.71,nan,C
232,1,2,Passenger_232,male,22.5,3,4,TKT10231,5.66,C85,S
233,1,3,Passenger_233,male,21.8,1,1,TKT10232,16.6,D56,S
234,1,3,Passenger_234,male,35.7,5,0,TKT10233,22.91,nan,S
235,0,3,Passenger_235,male,12.9,1,4,TKT10234,73.91,nan,S
236,1,1,Passenger_236,male,41.0,4,0,TKT10235,19.28,nan,C
237,1,3,Passenger_237,male,51.4,4,1,TKT10236,36.52,nan,S
238,1,3,Passenger_238,male,0.4,3,4,TKT10237,32.58,nan,S
239,0,1,Passenger_239,male,35.9,3,4,TKT10238,15.75,nan,S
240,0,2,Passenger_240,female,39.5,1,4,TKT10239,4.65,nan,S
241,0,3,Passenger_241,female,20.5,5,3,TKT10240,22.62,D56,S
242,0,3,Passenger_242,male,23.9,4,1,TKT10241,22.69,G6,S
243,1,3,Passenger_243,male,27.8,3,0,TKT10242,123.77,C85,S
244,1,2,Passenger_244,male,25.4,1,0,TKT10243,23.46,nan,C
245,0,2,Passenger_245,male,25.2,5,4,TKT10244,44.82,nan,C
246,0,3,Passenger_246,male,5.4,3,2,TKT10245,15.1,nan,C
247,1,3,Passenger_247,male,46.4,0,2,TKT10246,22.08,nan,C
248,0,3,Passenger_248,male,45.4,4,3,TKT10247,14.24,nan,S
249,0,3,Passenger_249,male,17.9,3,0,TKT10248,114.48,nan,C
250,1,3,Passenger_250,female,8.4,5,4,TKT10249,31.43,G6,S
251,1,2,Passenger_251,female,37.3,5,3,TKT10250,27.69,nan,Q
252,0,1,Passenger_252,female,21.4,2,4,TKT10251,22.28,nan,S
253,0,3,Passenger_253,female,31.8,1,0,TKT10252,19.54,nan,S
254,0,3,Passenger_254,male,25.1,1,2,TKT10253,9.85,nan,S
255,0,2,Passenger_255,male,39.7,4,1,TKT10254,73.3,nan,S
256,0,3,Passenger_256,male,39.8,4,1,TKT10255,0.82,nan,S
257,0,3,Passenger_257,female,19.2,5,4,TKT10256,14.38,nan,S
258,1,3,Passenger_258,male,9.6,1,3,TKT10257,12.78,E46,C
259,0,3,Passenger_259,female,6.7,5,1,TKT10258,16.66,nan,C
260,0,3,Passenger_260,female,38.6,5,3,TKT10259,17.29,nan,S
261,0,1,Passenger_261,male,12.5,3,0,TKT10260,18.04,nan,S
262,0,3,Passenger_262,male,22.4,4,4,TKT10261,23.9,nan,S
263,0,2,Passenger_263,male,21.1,4,3,TKT10262,20.07,C85,C
264,0,3,Passenger_264,female,28.9,1,4,TKT10263,55.21,nan,S
265,1,3,Passenger_265,male,1.6,1,1,TKT10264,40.51,nan,S
266,1,3,Passenger_266,male,32.4,3,2,TKT10265,14.25,nan,C
267,0,2,Passenger_267,male,37.3,1,0,TKT10266,50.48,D56,S
268,1,3,Passenger_268,female,31.0,0,1,TKT10267,19.44,nan,S
269,0,1,Passenger_269,male,25.2,5,4,TKT10268,44.78,nan,S
270,0,3,Passenger_270,male,31.1,3,3,TKT10269,22.81,nan,S
271,0,3,Passenger_271,male,35.5,5,4,TKT10270,36.55,nan,S
272,0,3,Passenger_272,male,0.4,2,3,TKT10271,38.79,nan,S
273,0,2,Passenger_273,male,58.1,3,4,TKT10272,40.75,D56,S
274,1,2,Passenger_274,male,35.4,0,0,TKT10273,24.19,nan,S
275,0,3,Passenger_275,female,20.2,2,2,TKT10274,29.72,nan,S
276,1,3,Passenger_276,male,24.0,3,3,TKT10275,25.73,nan,S
277,1,2,Passenger_277,male,36.9,1,1,TKT10276,20.63,nan,C
278,1,3,Passenger_278,male,28.0,2,2,TKT10277,10.68,nan,S
279,0,1,Passenger_279,female,0.4,4,0,TKT10278,98.54,E46,S
280,0,2,Passenger_280,male,59.6,1,3,TKT10279,46.03,nan,S
281,0,1,Passenger_281,male,28.1,3,4,TKT10280,106.58,nan,C
282,1,3,Passenger_282,female,44.5,1,4,TKT10281,15.14,nan,S
283,0,3,Passenger_283,male,19.7,1,2,TKT10282,39.05,E46,S
284,0,3,Passenger_284,male,52.0,1,4,TKT10283,25.16,nan,S
285,1,1,Passenger_285,female,33.9,4,2,TKT10284,25.89,nan,C
286,1,2,Passenger_286,male,38.5,1,2,TKT10285,54.77,nan,S
287,0,3,Passenger_287,male,14.5,4,1,TKT10286,42.2,nan,S
288,1,1,Passenger_288,male,47.3,3,1,TKT10287,32.48,nan,S
289,1,1,Passenger_289,female,39.7,0,1,TKT10288,37.33,nan,S
290,0,3,Passenger_290,female,48.6,4,4,TKT10289,13.79,nan,Q
291,1,3,Passenger_291,male,20.6,1,3,TKT10290,11.27,G6,S
292,1,3,Passenger_292,male,22.7,4,3,TKT10291,14.38,nan,S
293,0,3,Passenger_293,female,63.1,2,1,TKT10292,64.74,nan,Q
294,0,1,Passenger_294,male,14.3,3,1,TKT10293,20.96,C85,S
295,0,2,Passenger_295,male,27.7,1,3,TKT10294,26.67,nan,S
296,0,2,Passenger_296,female,46.2,2,1,TKT10295,46.69,nan,S
297,1,1,Passenger_297,male,31.1,2,2,TKT10296,19.72,nan,S
298,0,1,Passenger_298,male,38.2,4,0,TKT10297,21.52,D56,Q
299,1,1,Passenger_299,female,23.9,2,2,TKT10298,46.69,nan,S
300,1,3,Passenger_300,female,35.1,1,3,TKT10299,35.44,nan,S
301,0,2,Passenger_301,female,10.8,5,1,TKT10300,15.52,nan,S
302,1,3,Passenger_302,male,53.7,2,0,TKT10301,25.55,nan,S
303,1,2,Passenger_303,male,28.0,2,1,TKT10302,16.24,nan,Q
304,1,3,Passenger_304,female,19.8,4,2,TKT10303,109.3,nan,S
305,0,3,Passenger_305,female,39.4,1,1,TKT10304,14.54,nan,S
306,0,2,Passenger_306,male,23.0,5,2,TKT10305,12.66,nan,S
307,1,1,Passenger_307,female,10.4,0,0,TKT10306,19.61,nan,S
308,1,2,Passenger_308,male,10.2,3,4,TKT10307,56.88,nan,S
309,0,3,Passenger_309,female,39.8,0,4,TKT10308,9.73,nan,S
310,1,2,Passenger_310,male,27.4,0,0,TKT10309,3.95,nan,S
311,0,2,Passenger_311,female,27.8,1,1,TKT10310,50.97,nan,S
312,1,3,Passenger_312,male,45.3,1,4,TKT10311,6.74,G6,C
313,0,3,Passenger_313,male,13.4,2,2,TKT10312,4.31,nan,S
314,0,3,Passenger_314,male,19.1,3,4,TKT10313,26.61,nan,S
315,0,1,Passenger_315,female,24.1,4,2,TKT10314,5.17,nan,C
316,0,2,Passenger_316,male,31.1,1,0,TKT10315,14.93,nan,S
317,1,2,Passenger_317,female,29.1,1,4,TKT10316,18.3,nan,S
318,1,2,Passenger_318,male,25.5,2,0,TKT10317,38.51,nan,C
319,0,1,Passenger_319,female,28.8,3,3,TKT10318,13.34,nan,C
320,0,2,Passenger_320,female,28.1,5,0,TKT10319,37.06,G6,S
321,0,3,Passenger_321,male,19.3,4,4,TKT10320,50.62,C123,C
322,1,2,Passenger_322,female,17.9,3,2,TKT10321,59.91,D56,Q
323,1,2,Passenger_323,male,33.7,3,0,TKT10322,19.67,G6,C
324,1,3,Passenger_324,male,16.8,2,4,TKT10323,26.55,nan,S
325,0,3,Passenger_325,female,12.9,5,1,TKT10324,9.4,nan,S
326,1,3,Passenger_326,female,25.2,0,2,TKT10325,39.88,D56,S
327,0,3,Passenger_327,male,27.4,1,1,TKT10326,75.2,nan,S
328,0,1,Passenger_328,male,62.4,0,1,TKT10327,18.13,nan,S
329,0,3,Passenger_329,male,19.5,0,3,TKT10328,14.05,D56,S
330,1,1,Passenger_330,female,43.4,0,0,TKT10329,41.42,nan,S
331,0,1,Passenger_331,male,40.5,2,1,TKT10330,27.22,nan,S
332,1,1,Passenger_332,female,12.5,4,2,TKT10331,22.82,nan,S
333,1,2,Passenger_333,male,40.9,5,1,TKT10332,41.61,nan,S
334,0,2,Passenger_334,female,12.5,3,3,TKT10333,6.69,nan,S
335,0,3,Passenger_335,female,0.4,0,4,TKT10334,19.26,nan,S
336,0,2,Passenger_336,female,38.5,4,2,TKT10335,34.14,nan,S
337,0,3,Passenger_337,male,4.2,2,2,TKT10336,13.42,nan,S
338,0,3,Passenger_338,male,36.2,4,4,TKT10337,39.41,nan,C
339,0,3,Passenger_339,male,19.8,5,3,TKT10338,9.51,nan,C
340,1,3,Passenger_340,male,53.8,2,3,TKT10339,13.7,G6,S
341,0,2,Passenger_341,male,45.2,3,0,TKT10340,44.93,nan,S
342,0,3,Passenger_342,male,23.1,1,2,TKT10341,10.53,nan,S
343,1,1,Passenger_343,female,19.7,1,0,TKT10342,46.78,nan,Q
344,1,1,Passenger_344,male,12.1,3,1,TKT10343,7.19,D56,S
345,1,2,Passenger_345,female,23.3,5,0,TKT10344,102.66,nan,S
346,0,3,Passenger_346,female,25.6,2,0,TKT10345,37.98,nan,S
347,1,3,Passenger_347,male,24.4,1,4,TKT10346,32.52,nan,S
348,0,3,Passenger_348,male,32.0,5,0,TKT10347,58.48,G6,S
349,0,3,Passenger_349,male,38.1,5,1,TKT10348,13.02,nan,C
350,0,1,Passenger_350,female,34.8,0,0,TKT10349,19.41,E46,C
351,0,3,Passenger_351,female,18.6,5,3,TKT10350,15.43,nan,C
352,0,3,Passenger_352,male,8.9,2,0,TKT10351,15.31,C85,S
353,1,3,Passenger_353,male,49.5,1,4,TKT10352,39.63,nan,S
354,0,1,Passenger_354,female,19.7,1,4,TKT10353,14.98,nan,Q
355,1,3,Passenger_355,male,20.2,0,4,TKT10354,38.65,nan,S
356,1,1,Passenger_356,female,22.1,3,0,TKT10355,27.28,C123,S
357,0,1,Passenger_357,male,3.0,1,1,TKT10356,11.72,nan,Q
358,1,3,Passenger_358,male,22.8,5,2,TKT10357,76.45,nan,S
359,1,3,Passenger_359,male,22.7,0,4,TKT10358,64.82,nan,S
360,1,3,Passenger_360,female,38.7,4,0,TKT10359,34.93,nan,S
361,0,1,Passenger_361,male,39.8,3,2,TKT10360,94.78,nan,C
362,1,2,Passenger_362,male,29.8,2,3,TKT10361,37.91,C85,S
363,1,1,Passenger_363,female,43.2,3,3,TKT10362,25.72,nan,C
364,1,2,Passenger_364,female,34.6,1,4,TKT10363,29.94,nan,S
365,0,1,Passenger_365,male,29.5,1,4,TKT10364,10.61,nan,Q
366,0,1,Passenger_366,male,32.0,0,3,TKT10365,46.7,C85,S
367,0,2,Passenger_367,female,26.9,1,4,TKT10366,23.84,nan,C
368,1,2,Passenger_368,male,24.0,3,3,TKT10367,61.16,nan,S
369,0,3,Passenger_369,female,25.8,5,0,TKT10368,44.25,nan,C
370,1,2,Passenger_370,male,13.3,0,2,TKT10369,11.36,nan,C
371,1,3,Passenger_371,female,33.8,4,0,TKT10370,14.19,D56,S
372,0,1,Passenger_372,male,15.3,4,3,TKT10371,58.3,nan,S
373,0,3,Passenger_373,male,41.9,5,0,TKT10372,9.35,nan,Q
374,1,1,Passenger_374,male,26.1,5,3,TKT10373,22.04,nan,S
375,1,3,Passenger_375,male,30.4,4,0,TKT10374,83.77,nan,S
376,1,1,Passenger_376,male,36.9,0,2,TKT10375,78.62,nan,S
377,1,3,Passenger_377,male,39.0,3,3,TKT10376,13.72,C123,S
378,0,3,Passenger_378,male,6.9,0,4,TKT10377,20.21,nan,S
379,0,1,Passenger_379,female,26.7,5,4,TKT10378,53.28,nan,S
380,1,3,Passenger_380,male,42.5,2,4,TKT10379,18.73,nan,S
381,0,3,Passenger_381,male,5.1,0,3,TKT10380,48.69,nan,Q
382,0,2,Passenger_382,female,35.3,1,4,TKT10381,44.07,D56,Q
383,0,3,Passenger_383,male,0.4,4,1,TKT10382,19.58,C123,C
384,0,2,Passenger_384,male,14.9,0,2,TKT10383,11.99,nan,S
385,1,2,Passenger_385,female,30.3,2,1,TKT10384,25.79,nan,C
386,0,1,Passenger_386,male,5.7,1,3,TKT10385,17.07,nan,S
387,0,3,Passenger_387,female,15.4,3,3,TKT10386,1.67,nan,S
388,1,1,Passenger_388,female,8.4,0,2,TKT10387,2.92,E46,S
389,1,3,Passenger_389,male,53.6,4,0,TKT10388,47.39,nan,S
390,1,3,Passenger_390,male,32.1,1,2,TKT10389,12.43,nan,Q
391,1,3,Passenger_391,male,37.9,0,1,TKT10390,7.99,nan,S
392,0,1,Passenger_392,male,26.5,1,1,TKT10391,79.96,G6,C
393,0,3,Passenger_393,female,24.6,1,1,TKT10392,29.57,nan,S
394,1,3,Passenger_394,female,6.3,1,1,TKT10393,21.82,nan,Q
395,0,3,Passenger_395,male,25.5,2,0,TKT10394,36.51,nan,C
396,0,3,Passenger_396,male,18.7,0,3,TKT10395,11.8,nan,S
397,1,1,Passenger_397,female,42.1,5,3,TKT10396,32.42,C123,S
398,1,3,Passenger_398,male,46.2,1,2,TKT10397,30.66,nan,S
399,1,2,Passenger_399,male,51.0,0,3,TKT10398,39.47,nan,Q
400,1,3,Passenger_400,male,42.1,1,3,TKT10399,31.33,nan,S
401,0,2,Passenger_401,male,21.0,4,3,TKT10400,91.8,nan,S
402,0,3,Passenger_402,female,13.5,0,0,TKT10401,12.31,nan,S
403,0,2,Passenger_403,female,40.8,0,0,TKT10402,24.92,nan,S
404,0,3,Passenger_404,male,34.9,4,3,TKT10403,75.9,nan,S
405,0,2,Passenger_405,male,4.1,0,1,TKT10404,63.82,nan,S
406,0,1,Passenger_406,male,34.9,1,3,TKT10405,48.14,nan,S
407,0,3,Passenger_407,male,41.5,2,2,TKT10406,25.38,nan,C
408,0,2,Passenger_408,male,30.6,0,4,TKT10407,84.52,nan,C
409,0,3,Passenger_409,female,27.0,4,2,TKT10408,8.74,nan,S
410,1,1,Passenger_410,male,18.0,2,4,TKT10409,15.69,nan,S
411,0,3,Passenger_411,male,8.7,0,0,TKT10410,7.54,nan,S
412,0,3,Passenger_412,male,41.3,5,0,TKT10411,64.96,nan,S
413,0,3,Passenger_413,female,25.2,1,3,TKT10412,6.25,nan,S
414,0,1,Passenger_414,male,26.3,5,4,TKT10413,53.49,nan,C
415,0,2,Passenger_415,male,54.8,3,0,TKT10414,54.0,nan,S
416,1,3,Passenger_416,male,39.6,5,0,TKT10415,26.09,nan,S
417,1,3,Passenger_417,female,35.1,3,3,TKT10416,20.12,nan,C
418,1,1,Passenger_418,male,31.8,2,0,TKT10417,33.53,nan,S
419,1,3,Passenger_419,male,51.7,4,4,TKT10418,51.99,C123,Q
420,1,3,Passenger_420,female,54.6,0,2,TKT10419,40.4,nan,S
421,1,3,Passenger_421,female,43.2,3,0,TKT10420,9.49,nan,S
422,1,1,Passenger_422,male,38.1,5,1,TKT10421,14.76,nan,C
423,1,3,Passenger_423,female,0.4,3,0,TKT10422,14.28,nan,S
424,0,2,Passenger_424,female,31.5,0,2,TKT10423,16.18,nan,S
425,0,1,Passenger_425,male,27.8,0,3,TKT10424,23.76,nan,S
426,0,2,Passenger_426,female,31.1,4,3,TKT10425,21.18,nan,S
427,1,3,Passenger_427,male,43.4,0,2,TKT10426,31.6,nan,S
428,0,1,Passenger_428,female,0.4,3,3,TKT10427,22.78,nan,S
429,1,3,Passenger_429,male,21.4,0,0,TKT10428,16.47,nan,C
430,1,3,Passenger_430,male,33.6,1,4,TKT10429,49.38,nan,S
431,0,3,Passenger_431,male,22.9,3,0,TKT10430,32.43,nan,C
432,0,2,Passenger_432,male,9.2,2,4,TKT10431,1.64,nan,S
433,0,3,Passenger_433,female,42.3,4,1,TKT10432,102.25,E46,S
434,1,3,Passenger_434,male,33.7,3,2,TKT10433,26.09,nan,S
435,0,3,Passenger_435,female,15.6,0,2,TKT10434,11.78,nan,S
436,1,2,Passenger_436,male,34.3,4,0,TKT10435,32.62,nan,S
437,1,3,Passenger_437,male,41.6,4,3,TKT10436,45.15,G6,S
438,0,3,Passenger_438,female,29.8,5,2,TKT10437,8.25,D56,S
439,1,1,Passenger_439,female,41.3,2,4,TKT10438,14.89,nan,S
440,0,3,Passenger_440,female,30.8,5,3,TKT10439,7.48,G6,S
441,0,2,Passenger_441,male,24.0,1,4,TKT10440,69.85,nan,S
442,1,3,Passenger_442,female,12.9,1,2,TKT10441,18.57,nan,S
443,1,3,Passenger_443,male,28.5,0,4,TKT10442,10.33,G6,S
444,0,3,Passenger_444,male,32.5,1,1,TKT10443,22.1,nan,S
445,1,3,Passenger_445,female,42.4,4,4,TKT10444,15.53,G6,C
446,0,1,Passenger_446,male,28.0,5,0,TKT10445,4.58,E46,S
447,1,3,Passenger_447,female,36.3,0,1,TKT10446,8.8,nan,S
448,1,3,Passenger_448,male,15.7,1,0,TKT10447,5.58,nan,S
449,1,1,Passenger_449,male,18.4,0,4,TKT10448,8.5,nan,C
450,0,3,Passenger_450,male,28.1,4,3,TKT10449,31.01,nan,S
451,0,3,Passenger_451,male,14.4,5,0,TKT10450,19.21,C85,S
452,0,3,Passenger_452,female,41.6,4,3,TKT10451,29.5,E46,S
453,0,2,Passenger_453,male,36.4,3,1,TKT10452,68.89,nan,S
454,1,1,Passenger_454,male,33.7,1,4,TKT10453,9.44,nan,S
455,1,2,Passenger_455,female,34.6,1,3,TKT10454,38.25,C123,S
456,0,2,Passenger_456,female,59.0,2,0,TKT10455,79.31,nan,C
457,0,3,Passenger_457,male,22.9,1,2,TKT10456,28.3,nan,S
458,0,3,Passenger_458,female,0.4,0,1,TKT10457,44.69,C85,C
459,0,3,Passenger_459,male,32.6,0,1,TKT10458,22.25,nan,S
460,0,1,Passenger_460,male,29.0,5,3,TKT10459,8.99,C85,S
461,0,3,Passenger_461,male,22.2,4,1,TKT10460,44.9,nan,C
462,1,3,Passenger_462,female,15.5,0,4,TKT10461,7.51,nan,S
463,1,3,Passenger_463,male,23.3,2,1,TKT10462,38.47,nan,S
464,1,3,Passenger_464,male,32.3,4,4,TKT10463,5.75,nan,C
465,1,3,Passenger_465,male,22.4,4,1,TKT10464,88.28,C123,S
466,1,2,Passenger_466,male,64.7,4,4,TKT10465,16.81,nan,S
467,1,2,Passenger_467,female,15.8,5,0,TKT10466,1.45,E46,C
468,1,2,Passenger_468,female,18.2,1,0,TKT10467,23.72,nan,S
469,0,1,Passenger_469,female,0.4,0,1,TKT10468,46.18,nan,S
470,1,3,Passenger_470,male,33.3,1,1,TKT10469,22.24,nan,C
471,0,3,Passenger_471,male,0.5,3,1,TKT10470,19.36,nan,S
472,0,3,Passenger_472,male,21.9,4,4,TKT10471,26.12,nan,S
473,0,2,Passenger_473,male,25.7,3,2,TKT10472,18.21,nan,S
474,0,3,Passenger_474,female,19.4,1,1,TKT10473,17.88,nan,S
475,1,1,Passenger_475,male,54.9,0,1,TKT10474,31.55,nan,C
476,0,3,Passenger_476,male,44.1,4,3,TKT10475,37.82,nan,S
477,1,1,Passenger_477,male,48.8,3,1,TKT10476,11.41,nan,S
478,1,1,Passenger_478,female,16.9,5,2,TKT10477,17.92,E46,C
479,0,3,Passenger_479,female,46.1,3,0,TKT10478,13.88,nan,Q
480,0,3,Passenger_480,female,36.9,4,3,TKT10479,42.29,nan,S
481,0,3,Passenger_481,male,40.9,2,3,TKT10480,97.8,nan,S
482,0,3,Passenger_482,male,44.6,4,3,TKT10481,60.66,nan,S
483,1,3,Passenger_483,male,16.5,5,0,TKT10482,43.52,nan,S
484,1,3,Passenger_484,female,23.5,5,4,TKT10483,105.19,nan,S
485,1,3,Passenger_485,female,42.2,3,4,TKT10484,21.57,nan,S
486,0,3,Passenger_486,male,0.4,1,0,TKT10485,45.39,nan,S
487,1,1,Passenger_487,male,51.6,1,3,TKT10486,42.41,nan,S
488,0,3,Passenger_488,male,37.7,3,2,TKT10487,55.79,G6,S
489,0,3,Passenger_489,female,29.0,1,0,TKT10488,93.55,nan,C
490,0,1,Passenger_490,male,32.9,1,3,TKT10489,29.3,nan,S
491,0,3,Passenger_491,female,14.8,2,3,TKT10490,67.02,nan,S
492,0,2,Passenger_492,male,24.6,3,1,TKT10491,14.65,nan,S
493,1,3,Passenger_493,female,45.7,0,0,TKT10492,12.02,E46,S
494,0,3,Passenger_494,male,48.5,2,4,TKT10493,9.56,nan,S
495,1,3,Passenger_495,male,68.8,3,3,TKT10494,11.86,nan,S
496,0,1,Passenger_496,female,28.6,1,4,TKT10495,37.74,nan,C
497,1,3,Passenger_497,male,20.2,1,4,TKT10496,38.48,nan,C
498,1,2,Passenger_498,female,22.2,0,1,TKT10497,24.09,E46,S
499,0,3,Passenger_499,male,14.9,1,1,TKT10498,31.52,nan,C
500,0,3,Passenger_500,male,28.6,0,0,TKT10499,73.03,nan,Q
501,0,3,Passenger_501,male,35.2,1,0,TKT10500,28.13,nan,S
502,0,2,Passenger_502,female,29.2,4,3,TKT10501,2.87,nan,S
503,0,3,Passenger_503,male,45.6,4,2,TKT10502,57.51,nan,S
504,0,3,Passenger_504,male,26.3,1,3,TKT10503,51.73,nan,S
505,0,3,Passenger_505,male,24.7,0,4,TKT10504,9.14,nan,S
506,1,3,Passenger_506,male,21.3,0,0,TKT10505,13.33,nan,S
507,0,1,Passenger_507,female,6.0,2,0,TKT10506,14.63,nan,Q
508,0,3,Passenger_508,male,7.0,4,0,TKT10507,42.44,nan,Q
509,1,3,Passenger_509,male,12.6,5,0,TKT10508,28.06,C123,S
510,1,2,Passenger_510,male,48.6,5,2,TKT10509,48.82,D56,C
511,0,2,Passenger_511,female,42.7,2,3,TKT10510,57.89,nan,C
512,0,3,Passenger_512,male,49.6,0,0,TKT10511,10.23,G6,S
513,1,1,Passenger_513,male,10.4,1,2,TKT10512,62.27,nan,S
514,1,1,Passenger_514,male,1.2,4,1,TKT10513,21.09,nan,S
515,0,2,Passenger_515,female,20.1,3,2,TKT10514,26.16,nan,C
516,0,2,Passenger_516,male,32.2,1,0,TKT10515,31.54,nan,S
517,0,2,Passenger_517,male,36.9,0,0,TKT10516,92.68,nan,S
518,0,3,Passenger_518,male,44.9,5,2,TKT10517,35.31,nan,C
519,1,3,Passenger_519,male,33.8,4,0,TKT10518,50.77,nan,S
520,1,3,Passenger_520,female,55.0,5,0,TKT10519,16.67,nan,S
521,1,1,Passenger_521,female,26.5,0,2,TKT10520,31.3,nan,S
522,0,3,Passenger_522,female,16.5,5,3,TKT10521,61.04,nan,S
523,0,1,Passenger_523,male,5.3,5,4,TKT10522,15.03,nan,S
524,0,3,Passenger_524,female,16.8,0,3,TKT10523,31.74,nan,S
525,0,1,Passenger_525,male,33.2,3,2,TKT10524,16.02,nan,S
526,1,2,Passenger_526,male,16.8,0,0,TKT10525,10.32,nan,S
527,1,3,Passenger_527,male,43.3,5,3,TKT10526,11.03,nan,Q
528,0,2,Passenger_528,male,50.2,0,2,TKT10527,13.74,nan,S
529,1,3,Passenger_529,female,0.4,0,2,TKT10528,15.23,nan,S
530,0,3,Passenger_530,male,42.2,3,1,TKT10529,9.67,E46,C
531,1,3,Passenger_531,male,0.4,2,0,TKT10530,66.3,nan,S
532,0,3,Passenger_532,male,35.5,0,1,TKT10531,66.28,nan,S
533,0,3,Passenger_533,female,47.5,0,4,TKT10532,42.59,nan,Q
534,1,2,Passenger_534,female,30.6,1,2,TKT10533,20.67,nan,S
535,0,2,Passenger_535,male,11.1,4,2,TKT10534,2.36,nan,C
536,0,2,Passenger_536,male,21.2,4,0,TKT10535,34.83,nan,S
537,0,2,Passenger_537,female,25.9,4,1,TKT10536,29.95,nan,S
538,1,1,Passenger_538,male,27.1,5,1,TKT10537,10.94,G6,S
539,1,3,Passenger_539,female,26.8,4,0,TKT10538,76.53,nan,S
540,1,1,Passenger_540,female,28.1,4,1,TKT10539,31.16,G6,S
541,1,3,Passenger_541,female,32.8,1,0,TKT10540,3.35,nan,Q
542,0,1,Passenger_542,female,12.2,3,1,TKT10541,15.02,C85,C
543,0,2,Passenger_543,male,26.2,4,0,TKT10542,54.45,nan,S
544,0,2,Passenger_544,male,51.7,1,4,TKT10543,15.51,G6,S
545,0,1,Passenger_545,male,24.1,1,0,TKT10544,15.5,nan,S
546,0,3,Passenger_546,male,23.3,0,0,TKT10545,22.58,nan,S
547,0,3,Passenger_547,female,45.3,4,1,TKT10546,41.38,nan,C
548,1,1,Passenger_548,female,0.4,5,1,TKT10547,55.09,nan,S
549,0,3,Passenger_549,female,46.8,1,0,TKT10548,23.37,nan,C
550,0,3,Passenger_550,male,20.5,1,0,TKT10549,13.29,nan,S
551,0,3,Passenger_551,male,32.1,1,1,TKT10550,29.37,nan,S
552,1,1,Passenger_552,male,31.1,1,2,TKT10551,67.06,nan,S
553,0,3,Passenger_553,male,43.4,2,3,TKT10552,4.2,C85,S
554,0,3,Passenger_554,male,25.8,1,4,TKT10553,19.75,nan,Q
555,0,3,Passenger_555,male,19.9,3,0,TKT10554,18.32,nan,Q
556,1,3,Passenger_556,male,48.5,3,1,TKT10555,19.56,nan,S
557,0,3,Passenger_557,male,0.4,5,3,TKT10556,22.85,nan,S
558,1,3,Passenger_558,male,30.0,4,0,TKT10557,44.29,D56,S
559,1,3,Passenger_559,female,10.2,4,1,TKT10558,46.15,nan,S
560,1,3,Passenger_560,male,18.7,5,1,TKT10559,65.64,nan,C
561,0,2,Passenger_561,female,58.9,4,2,TKT10560,57.48,nan,S
562,0,3,Passenger_562,female,29.1,1,0,TKT10561,41.33,nan,S
563,1,3,Passenger_563,male,32.5,4,3,TKT10562,38.59,C85,S
564,0,1,Passenger_564,male,3.9,4,4,TKT10563,11.38,nan,C
565,0,3,Passenger_565,female,19.1,3,2,TKT10564,11.3,nan,S
566,0,3,Passenger_566,male,32.6,5,4,TKT10565,7.92,E46,S
567,0,2,Passenger_567,female,34.8,4,0,TKT10566,61.16,E46,S
568,0,1,Passenger_568,male,38.6,0,3,TKT10567,62.91,nan,S
569,0,3,Passenger_569,female,29.8,1,3,TKT10568,35.88,nan,S
570,0,3,Passenger_570,male,37.3,1,3,TKT10569,68.51,nan,C
571,0,3,Passenger_571,male,36.3,1,1,TKT10570,27.82,nan,S
572,0,3,Passenger_572,female,3.2,0,3,TKT10571,6.92,D56,S
573,0,3,Passenger_573,male,30.2,2,1,TKT10572,73.02,nan,S
574,0,3,Passenger_574,female,40.8,5,3,TKT10573,3.88,nan,C
575,0,3,Passenger_575,male,38.3,2,4,TKT10574,21.82,E46,S
576,1,3,Passenger_576,female,24.4,3,4,TKT10575,20.81,nan,S
577,1,3,Passenger_577,male,18.0,2,3,TKT10576,27.82,nan,S
578,0,3,Passenger_578,male,13.5,0,3,TKT10577,25.27,nan,C
579,0,1,Passenger_579,female,27.8,3,1,TKT10578,32.17,nan,S
580,1,3,Passenger_580,female,46.1,1,1,TKT10579,29.05,G6,C
581,0,2,Passenger_581,male,1.4,4,1,TKT10580,5.23,nan,S
582,1,3,Passenger_582,male,20.1,5,0,TKT10581,12.69,nan,C
583,1,3,Passenger_583,male,13.2,1,1,TKT10582,39.78,E46,S
584,1,3,Passenger_584,male,41.1,4,1,TKT10583,47.09,nan,S
585,0,1,Passenger_585,male,21.7,4,0,TKT10584,34.89,nan,C
586,0,2,Passenger_586,male,22.9,1,3,TKT10585,34.23,nan,S
587,0,1,Passenger_587,male,26.6,5,2,TKT10586,28.76,nan,S
588,0,3,Passenger_588,male,36.2,5,0,TKT10587,7.06,nan,S
589,0,3,Passenger_589,male,24.0,0,1,TKT10588,23.27,G6,S
590,0,3,Passenger_590,female,0.4,1,0,TKT10589,15.66,nan,S
591,1,2,Passenger_591,male,37.6,0,4,TKT10590,9.5,nan,C
592,0,3,Passenger_592,male,36.1,2,4,TKT10591,42.31,C85,Q
593,0,2,Passenger_593,female,26.5,2,3,TKT10592,25.66,nan,C
594,0,3,Passenger_594,male,14.0,1,1,TKT10593,22.67,nan,S
595,1,2,Passenger_595,male,34.8,0,4,TKT10594,9.82,nan,S
596,1,3,Passenger_596,female,35.2,5,0,TKT10595,24.89,nan,Q
597,0,2,Passenger_597,female,22.9,1,1,TKT10596,7.62,nan,S
598,1,3,Passenger_598,male,26.6,5,3,TKT10597,41.83,C85,S
599,0,3,Passenger_599,male,16.2,0,1,TKT10598,20.97,nan,Q
600,1,1,Passenger_600,female,27.1,0,1,TKT10599,34.26,nan,S
601,0,1,Passenger_601,male,7.2,1,0,TKT10600,11.95,G6,S
602,1,3,Passenger_602,male,35.8,5,1,TKT10601,18.77,nan,S
603,0,1,Passenger_603,female,16.0,0,0,TKT10602,7.21,nan,S
604,1,2,Passenger_604,male,33.2,5,0,TKT10603,38.55,nan,Q
605,1,1,Passenger_605,male,9.3,0,1,TKT10604,24.0,nan,S
606,1,3,Passenger_606,male,21.1,3,3,TKT10605,22.63,nan,S
607,0,3,Passenger_607,male,28.1,3,3,TKT10606,15.85,nan,S
608,0,3,Passenger_608,male,5.6,5,2,TKT10607,64.47,E46,S
609,1,3,Passenger_609,female,31.4,4,4,TKT10608,10.5,nan,S
610,0,2,Passenger_610,male,24.2,0,1,TKT10609,32.63,nan,Q
611,0,3,Passenger_611,male,4.4,5,1,TKT10610,18.32,nan,S
612,1,2,Passenger_612,female,10.8,5,0,TKT10611,57.48,nan,S
613,0,1,Passenger_613,female,38.5,4,3,TKT10612,38.59,nan,S
614,0,3,Passenger_614,male,42.7,2,1,TKT10613,38.69,nan,S
615,0,2,Passenger_615,male,27.8,5,3,TKT10614,12.83,nan,S
616,0,3,Passenger_616,male,35.6,0,2,TKT10615,33.32,nan,S
617,0,2,Passenger_617,male,32.9,2,1,TKT10616,10.22,nan,S
618,1,3,Passenger_618,male,34.5,5,0,TKT10617,6.87,nan,C
619,1,3,Passenger_619,female,48.3,3,3,TKT10618,4.7,C123,S
620,0,2,Passenger_620,female,7.8,2,4,TKT10619,10.59,nan,S
621,1,3,Passenger_621,male,39.5,2,3,TKT10620,14.37,nan,Q
622,0,3,Passenger_622,male,24.2,1,3,TKT10621,6.61,nan,C
623,1,3,Passenger_623,female,26.4,0,4,TKT10622,37.69,nan,Q
624,0,3,Passenger_624,female,25.3,0,3,TKT10623,22.28,nan,C
625,0,2,Passenger_625,male,24.3,4,2,TKT10624,50.63,nan,S
626,0,3,Passenger_626,female,11.9,2,1,TKT10625,27.04,C85,C
627,1,3,Passenger_627,female,32.4,5,1,TKT10626,25.48,C85,S
628,0,3,Passenger_628,male,53.9,5,1,TKT10627,10.35,D56,S
629,1,3,Passenger_629,male,28.9,3,3,TKT10628,8.24,nan,S
630,1,2,Passenger_630,male,29.7,3,4,TKT10629,32.36,nan,S
631,0,2,Passenger_631,male,19.7,5,3,TKT10630,9.85,nan,S
632,1,3,Passenger_632,female,28.0,2,1,TKT10631,7.8,nan,S
633,1,3,Passenger_633,female,36.5,1,4,TKT10632,16.27,nan,Q
634,1,1,Passenger_634,male,24.3,5,1,TKT10633,9.65,E46,C
635,1,3,Passenger_635,male,23.1,2,1,TKT10634,58.87,nan,S
636,0,3,Passenger_636,male,35.5,2,2,TKT10635,20.69,nan,S
637,1,2,Passenger_637,female,16.4,3,2,TKT10636,13.45,nan,S
638,0,2,Passenger_638,male,33.4,2,3,TKT10637,51.82,nan,C
639,0,3,Passenger_639,male,41.6,4,2,TKT10638,14.59,nan,S
640,0,3,Passenger_640,male,49.4,3,4,TKT10639,36.98,nan,Q
641,1,3,Passenger_641,male,28.4,5,0,TKT10640,9.28,nan,S
642,0,1,Passenger_642,female,49.5,3,4,TKT10641,5.96,nan,S
643,0,2,Passenger_643,female,44.7,1,1,TKT10642,18.12,G6,S
644,0,2,Passenger_644,male,15.3,2,1,TKT10643,10.11,nan,S
645,0,3,Passenger_645,male,12.0,3,2,TKT10644,7.76,E46,S
646,0,3,Passenger_646,male,25.3,2,1,TKT10645,14.53,C85,C
647,0,1,Passenger_647,male,44.6,0,0,TKT10646,20.62,C123,S
648,1,1,Passenger_648,male,28.7,1,3,TKT10647,18.44,E46,Q
649,1,3,Passenger_649,male,21.0,3,3,TKT10648,8.5,nan,S
650,1,3,Passenger_650,male,52.2,4,4,TKT10649,19.11,nan,C
651,1,3,Passenger_651,male,33.9,1,3,TKT10650,57.39,E46,C
652,1,3,Passenger_652,male,0.4,2,2,TKT10651,39.17,nan,S
653,1,3,Passenger_653,male,34.3,1,2,TKT10652,3.73,nan,S
654,0,1,Passenger_654,female,37.2,0,1,TKT10653,1.36,nan,C
655,0,3,Passenger_655,female,33.0,1,2,TKT10654,2.77,nan,S
656,0,3,Passenger_656,male,36.2,3,2,TKT10655,23.06,nan,C
657,0,3,Passenger_657,male,28.7,0,3,TKT10656,28.76,nan,C
658,1,3,Passenger_658,female,10.6,2,0,TKT10657,18.3,nan,S
659,1,3,Passenger_659,female,24.3,0,1,TKT10658,74.68,nan,Q
660,0,1,Passenger_660,female,16.0,4,4,TKT10659,24.77,nan,C
661,0,1,Passenger_661,male,16.2,1,3,TKT10660,33.02,nan,S
662,1,1,Passenger_662,male,11.4,2,1,TKT10661,17.27,nan,C
663,1,2,Passenger_663,female,36.3,3,3,TKT10662,28.64,nan,S
664,1,3,Passenger_664,male,31.1,4,2,TKT10663,10.65,nan,S
665,1,3,Passenger_665,female,23.2,1,4,TKT10664,49.83,nan,S
666,0,1,Passenger_666,male,20.3,5,4,TKT10665,49.39,C85,S
667,0,3,Passenger_667,female,29.4,3,0,TKT10666,24.88,nan,Q
668,0,3,Passenger_668,male,45.3,4,1,TKT10667,27.67,nan,S
669,0,3,Passenger_669,male,0.6,1,4,TKT10668,120.38,nan,S
670,0,3,Passenger_670,male,35.2,3,3,TKT10669,153.0,D56,C
671,0,3,Passenger_671,male,21.8,2,1,TKT10670,31.85,E46,S
672,1,3,Passenger_672,male,2.4,5,2,TKT10671,40.35,nan,S
673,1,1,Passenger_673,male,1.5,1,0,TKT10672,50.21,nan,S
674,0,3,Passenger_674,male,16.5,3,2,TKT10673,14.23,nan,S
675,0,3,Passenger_675,female,32.9,4,4,TKT10674,1.23,nan,S
676,0,1,Passenger_676,male,35.4,2,2,TKT10675,56.74,C123,Q
677,1,3,Passenger_677,male,16.1,4,3,TKT10676,35.55,D56,S
678,0,3,Passenger_678,female,44.4,2,3,TKT10677,41.69,nan,S
679,1,1,Passenger_679,male,50.3,5,1,TKT10678,45.02,nan,S
680,1,3,Passenger_680,male,35.4,5,0,TKT10679,48.66,nan,S
681,0,1,Passenger_681,female,21.1,5,0,TKT10680,5.12,nan,Q
682,0,3,Passenger_682,male,46.0,3,3,TKT10681,21.31,nan,S
683,1,3,Passenger_683,male,40.7,1,2,TKT10682,31.59,nan,S
684,1,2,Passenger_684,male,42.3,3,2,TKT10683,21.51,nan,Q
685,0,1,Passenger_685,female,20.2,4,1,TKT10684,30.14,D56,C
686,0,2,Passenger_686,female,0.4,0,4,TKT10685,112.78,nan,S
687,0,3,Passenger_687,male,60.4,3,4,TKT10686,46.24,nan,S
688,0,1,Passenger_688,male,6.3,2,1,TKT10687,9.79,nan,S
689,0,2,Passenger_689,female,29.2,5,4,TKT10688,36.08,nan,S
690,0,3,Passenger_690,male,64.2,4,3,TKT10689,37.09,nan,S
691,0,3,Passenger_691,male,34.5,3,0,TKT10690,22.44,nan,S
692,0,1,Passenger_692,male,43.5,5,0,TKT10691,8.33,nan,S
693,1,1,Passenger_693,male,7.9,5,4,TKT10692,50.44,nan,S
694,0,3,Passenger_694,female,3.9,5,4,TKT10693,22.91,nan,C
695,0,2,Passenger_695,male,22.0,4,4,TKT10694,17.84,nan,S
696,0,1,Passenger_696,female,45.5,2,0,TKT10695,40.75,nan,S
697,1,3,Passenger_697,male,24.7,5,4,TKT10696,15.49,nan,C
698,0,2,Passenger_698,male,18.2,5,2,TKT10697,14.44,nan,C
699,1,1,Passenger_699,male,32.6,2,2,TKT10698,12.67,nan,S
700,0,3,Passenger_700,female,45.4,2,3,TKT10699,36.12,nan,C
701,0,2,Passenger_701,female,8.7,1,1,TKT10700,7.65,nan,S
702,0,3,Passenger_702,female,12.1,5,3,TKT10701,4.69,nan,S
703,0,1,Passenger_703,male,18.3,3,0,TKT10702,24.53,nan,S
704,0,1,Passenger_704,male,45.6,1,2,TKT10703,47.11,C123,S
705,0,1,Passenger_705,female,33.1,2,1,TKT10704,50.26,nan,S
706,1,3,Passenger_706,male,60.6,5,2,TKT10705,101.49,nan,S
707,1,2,Passenger_707,female,43.3,0,4,TKT10706,23.22,nan,S
708,0,1,Passenger_708,female,29.2,5,0,TKT10707,7.33,nan,S
709,1,3,Passenger_709,male,48.0,3,1,TKT10708,83.98,D56,S
710,0,3,Passenger_710,male,32.8,3,3,TKT10709,32.71,nan,S
711,0,1,Passenger_711,male,19.5,4,0,TKT10710,62.55,nan,S
712,0,3,Passenger_712,female,39.6,1,3,TKT10711,42.43,C123,S
713,0,2,Passenger_713,female,19.6,0,3,TKT10712,29.8,nan,C
714,0,1,Passenger_714,male,25.5,1,3,TKT10713,14.76,nan,S
715,0,3,Passenger_715,male,49.0,5,4,TKT10714,15.92,nan,S
716,0,2,Passenger_716,male,28.2,5,3,TKT10715,61.87,nan,C
717,0,1,Passenger_717,male,18.1,1,2,TKT10716,34.73,nan,S
718,0,3,Passenger_718,female,23.0,2,1,TKT10717,65.55,nan,S
719,1,1,Passenger_719,male,44.5,3,1,TKT10718,13.55,nan,C
720,0,2,Passenger_720,male,21.7,5,0,TKT10719,7.89,nan,S
721,0,2,Passenger_721,male,24.1,1,2,TKT10720,21.38,nan,S
722,0,2,Passenger_722,male,22.3,0,3,TKT10721,17.72,C123,S
723,1,1,Passenger_723,male,32.4,3,2,TKT10722,39.98,nan,S
724,0,3,Passenger_724,male,24.1,3,3,TKT10723,7.82,nan,S
725,0,2,Passenger_725,male,6.5,1,3,TKT10724,35.74,G6,Q
726,1,1,Passenger_726,female,16.8,1,1,TKT10725,10.77,D56,S
727,0,3,Passenger_727,female,16.2,0,4,TKT10726,26.84,C123,C
728,1,1,Passenger_728,female,47.7,0,0,TKT10727,9.12,E46,S
729,1,2,Passenger_729,male,41.5,3,1,TKT10728,3.19,E46,S
730,0,3,Passenger_730,male,38.2,4,3,TKT10729,4.12,nan,C
731,1,2,Passenger_731,male,22.4,3,0,TKT10730,69.13,C123,C
732,1,3,Passenger_732,female,17.9,5,3,TKT10731,24.33,nan,S
733,0,3,Passenger_733,female,22.3,4,1,TKT10732,35.15,nan,C
734,0,1,Passenger_734,female,14.4,0,3,TKT10733,29.31,nan,Q
735,1,3,Passenger_735,male,65.9,2,0,TKT10734,25.8,nan,S
736,1,3,Passenger_736,female,0.4,1,3,TKT10735,15.23,nan,Q
737,0,1,Passenger_737,male,37.9,1,1,TKT10736,56.94,nan,S
738,1,3,Passenger_738,male,11.1,1,3,TKT10737,16.67,nan,C
739,1,3,Passenger_739,male,28.2,4,0,TKT10738,20.3,E46,C
740,1,3,Passenger_740,male,15.4,4,2,TKT10739,57.82,nan,S
741,0,1,Passenger_741,male,12.6,3,2,TKT10740,23.19,C123,S
742,0,2,Passenger_742,male,13.2,0,4,TKT10741,32.25,nan,S
743,0,3,Passenger_743,male,55.1,2,4,TKT10742,21.28,G6,S
744,1,1,Passenger_744,male,27.8,4,1,TKT10743,99.87,nan,S
745,1,3,Passenger_745,female,18.6,3,3,TKT10744,13.36,nan,S
746,0,3,Passenger_746,female,37.8,3,3,TKT10745,57.34,nan,S
747,1,3,Passenger_747,male,29.9,0,3,TKT10746,104.58,G6,C
748,1,2,Passenger_748,male,40.1,3,1,TKT10747,29.58,nan,S
749,0,2,Passenger_749,female,3.2,2,1,TKT10748,71.49,nan,S
750,0,1,Passenger_750,female,34.1,0,3,TKT10749,4.26,nan,S
751,0,1,Passenger_751,male,40.9,5,0,TKT10750,43.29,nan,S
752,0,3,Passenger_752,male,5.6,1,1,TKT10751,45.86,nan,S
753,0,3,Passenger_753,male,36.2,2,4,TKT10752,7.54,nan,S
754,0,2,Passenger_754,female,54.3,1,0,TKT10753,22.94,nan,S
755,0,3,Passenger_755,male,29.5,2,2,TKT10754,28.15,nan,C
756,1,2,Passenger_756,female,41.6,1,3,TKT10755,38.85,C123,S
757,0,2,Passenger_757,male,39.4,3,4,TKT10756,45.37,nan,S
758,0,1,Passenger_758,male,19.4,4,4,TKT10757,36.03,nan,S
759,0,3,Passenger_759,male,30.3,4,4,TKT10758,15.87,nan,S
760,0,3,Passenger_760,female,7.0,2,4,TKT10759,39.17,D56,S
761,0,2,Passenger_761,female,23.2,1,3,TKT10760,22.12,nan,S
762,0,3,Passenger_762,male,33.6,2,4,TKT10761,23.81,nan,S
763,1,2,Passenger_763,female,40.2,3,4,TKT10762,41.73,nan,C
764,0,1,Passenger_764,male,30.1,4,0,TKT10763,73.14,nan,S
765,0,2,Passenger_765,female,40.1,1,1,TKT10764,36.26,nan,C
766,1,3,Passenger_766,male,13.7,1,2,TKT10765,3.73,nan,C
767,1,1,Passenger_767,male,28.2,3,3,TKT10766,22.66,nan,S
768,0,3,Passenger_768,female,30.0,4,2,TKT10767,31.64,E46,Q
769,0,3,Passenger_769,male,56.5,5,2,TKT10768,27.57,nan,C
770,0,1,Passenger_770,male,26.6,1,1,TKT10769,7.15,C85,C
771,0,3,Passenger_771,male,22.5,4,3,TKT10770,39.82,nan,C
772,1,3,Passenger_772,male,30.0,5,0,TKT10771,7.74,nan,S
773,0,2,Passenger_773,male,16.4,0,1,TKT10772,31.1,nan,S
774,1,3,Passenger_774,male,32.5,2,4,TKT10773,33.65,nan,C
775,0,2,Passenger_775,male,24.4,3,4,TKT10774,1.45,nan,S
776,0,3,Passenger_776,male,3.7,1,2,TKT10775,8.44,nan,S
777,1,3,Passenger_777,male,28.9,0,0,TKT10776,55.65,nan,S
778,0,2,Passenger_778,male,25.1,5,2,TKT10777,5.81,C85,S
779,0,1,Passenger_779,male,6.0,1,4,TKT10778,27.32,D56,S
780,1,3,Passenger_780,male,28.7,0,3,TKT10779,39.43,nan,S
781,0,1,Passenger_781,male,51.3,0,1,TKT10780,16.36,nan,S
782,1,1,Passenger_782,male,37.3,4,0,TKT10781,14.2,nan,S
783,0,3,Passenger_783,female,38.6,3,1,TKT10782,40.41,nan,S
784,0,3,Passenger_784,male,10.2,1,1,TKT10783,7.27,nan,S
785,0,2,Passenger_785,male,36.6,2,2,TKT10784,16.8,C123,Q
786,0,2,Passenger_786,male,31.9,3,4,TKT10785,16.96,nan,Q
787,0,1,Passenger_787,male,37.4,2,0,TKT10786,13.1,nan,S
788,1,3,Passenger_788,male,35.8,1,1,TKT10787,4.39,nan,S
789,1,3,Passenger_789,male,10.0,1,0,TKT10788,7.06,nan,S
790,1,3,Passenger_790,male,29.1,2,0,TKT10789,54.34,nan,Q
791,0,3,Passenger_791,female,18.7,1,4,TKT10790,4.08,nan,S
792,0,1,Passenger_792,female,29.0,0,1,TKT10791,9.41,C85,S
793,0,3,Passenger_793,male,16.7,0,0,TKT10792,29.57,nan,Q
794,1,3,Passenger_794,female,48.7,1,0,TKT10793,69.37,nan,S
795,1,2,Passenger_795,male,17.2,4,1,TKT10794,13.52,nan,S
796,1,3,Passenger_796,female,16.7,1,1,TKT10795,19.66,nan,S
797,0,2,Passenger_797,male,30.8,1,1,TKT10796,30.56,nan,S
798,0,2,Passenger_798,male,14.1,2,2,TKT10797,98.71,nan,S
799,0,3,Passenger_799,male,23.5,5,1,TKT10798,19.08,nan,S
800,1,2,Passenger_800,female,17.7,5,4,TKT10799,20.18,nan,S
801,1,1,Passenger_801,male,50.2,0,0,TKT10800,20.87,G6,C
802,0,2,Passenger_802,female,41.1,4,2,TKT10801,26.39,nan,S
803,0,2,Passenger_803,male,28.9,0,1,TKT10802,10.97,nan,S
804,0,3,Passenger_804,male,24.0,4,3,TKT10803,5.29,nan,C
805,0,3,Passenger_805,female,43.3,5,2,TKT10804,31.62,nan,S
806,0,3,Passenger_806,male,35.6,3,2,TKT10805,4.07,nan,S
807,1,3,Passenger_807,female,36.9,3,2,TKT10806,21.67,nan,S
808,0,3,Passenger_808,male,29.3,4,2,TKT10807,95.41,G6,S
809,1,3,Passenger_809,female,5.2,5,0,TKT10808,52.51,G6,S
810,0,2,Passenger_810,female,28.1,1,0,TKT10809,24.37,C85,S
811,0,1,Passenger_811,male,22.0,5,2,TKT10810,26.99,nan,S
812,0,2,Passenger_812,female,39.1,0,3,TKT10811,35.49,C123,S
813,0,3,Passenger_813,male,44.4,2,1,TKT10812,41.1,nan,C
814,0,2,Passenger_814,male,20.2,3,2,TKT10813,21.41,nan,C
815,0,3,Passenger_815,female,36.5,2,2,TKT10814,22.69,nan,C
816,1,3,Passenger_816,female,54.9,1,1,TKT10815,8.05,nan,S
817,1,1,Passenger_817,male,20.0,4,0,TKT10816,28.57,nan,S
818,0,2,Passenger_818,female,54.1,2,2,TKT10817,14.3,nan,S
819,1,3,Passenger_819,male,17.3,1,2,TKT10818,24.71,nan,S
820,1,2,Passenger_820,female,30.0,1,2,TKT10819,19.47,nan,C
821,0,2,Passenger_821,female,29.5,2,2,TKT10820,42.76,C123,S
822,1,2,Passenger_822,female,29.9,0,1,TKT10821,43.9,nan,S
823,1,3,Passenger_823,male,17.6,3,0,TKT10822,1.79,nan,S
824,0,1,Passenger_824,male,21.1,3,3,TKT10823,44.42,nan,C
825,0,1,Passenger_825,male,20.0,1,1,TKT10824,11.79,nan,S
826,0,3,Passenger_826,male,34.4,3,3,TKT10825,8.65,nan,S
827,0,2,Passenger_827,female,34.5,1,3,TKT10826,28.16,C85,S
828,1,3,Passenger_828,female,62.0,0,1,TKT10827,3.72,nan,C
829,0,2,Passenger_829,male,49.6,4,0,TKT10828,4.22,nan,S
830,1,3,Passenger_830,male,22.3,4,0,TKT10829,19.93,nan,S
831,0,3,Passenger_831,male,34.4,4,0,TKT10830,21.52,nan,S
832,1,1,Passenger_832,male,44.2,5,1,TKT10831,22.62,nan,C
833,0,3,Passenger_833,male,30.1,0,1,TKT10832,24.38,nan,S
834,1,3,Passenger_834,male,28.7,4,4,TKT10833,32.43,nan,S
835,1,3,Passenger_835,male,30.4,4,1,TKT10834,12.25,E46,S
836,0,3,Passenger_836,male,42.3,2,4,TKT10835,22.82,nan,S
837,1,1,Passenger_837,female,17.4,0,3,TKT10836,8.06,D56,S
838,0,3,Passenger_838,male,25.0,4,1,TKT10837,19.56,nan,S
839,1,2,Passenger_839,male,36.5,2,4,TKT10838,49.32,nan,S
840,0,3,Passenger_840,male,34.2,4,0,TKT10839,80.39,G6,S
841,0,3,Passenger_841,male,33.2,1,3,TKT10840,12.87,nan,S
842,0,3,Passenger_842,male,24.3,5,1,TKT10841,9.46,nan,C
843,0,3,Passenger_843,female,43.8,4,2,TKT10842,90.71,nan,C
844,0,2,Passenger_844,male,60.6,5,3,TKT10843,32.58,nan,S
845,0,2,Passenger_845,male,35.6,2,3,TKT10844,42.95,nan,S
846,0,3,Passenger_846,male,26.9,1,4,TKT10845,32.58,nan,S
847,0,2,Passenger_847,female,40.7,0,1,TKT10846,22.28,nan,C
848,0,1,Passenger_848,female,21.9,0,4,TKT10847,18.84,nan,S
849,0,2,Passenger_849,male,18.8,0,3,TKT10848,15.35,nan,S
850,0,3,Passenger_850,female,30.2,4,0,TKT10849,30.87,nan,C
851,0,3,Passenger_851,male,0.4,2,1,TKT10850,17.57,E46,S
852,0,3,Passenger_852,female,13.0,0,1,TKT10851,9.65,D56,Q
853,0,1,Passenger_853,male,24.7,2,1,TKT10852,3.26,nan,S
854,0,3,Passenger_854,female,10.1,0,0,TKT10853,93.48,nan,Q
855,0,2,Passenger_855,male,14.7,5,3,TKT10854,39.89,G6,S
856,1,3,Passenger_856,male,23.4,3,2,TKT10855,41.49,nan,S
857,0,2,Passenger_857,male,5.9,1,3,TKT10856,9.82,nan,Q
858,1,1,Passenger_858,female,23.8,5,0,TKT10857,9.54,nan,S
859,0,2,Passenger_859,male,21.9,4,4,TKT10858,19.93,nan,S
860,0,3,Passenger_860,male,30.1,1,4,TKT10859,20.29,nan,Q
861,0,1,Passenger_861,female,46.4,1,2,TKT10860,22.74,nan,C
862,0,1,Passenger_862,male,32.2,3,4,TKT10861,34.06,nan,C
863,1,1,Passenger_863,male,30.0,2,0,TKT10862,5.43,nan,S
864,0,3,Passenger_864,male,31.1,1,2,TKT10863,3.9,nan,S
865,0,3,Passenger_865,male,33.0,3,0,TKT10864,9.34,E46,S
866,0,1,Passenger_866,female,15.0,2,1,TKT10865,36.89,C85,S
867,1,3,Passenger_867,female,28.0,5,4,TKT10866,22.54,nan,S
868,0,3,Passenger_868,male,34.2,5,1,TKT10867,39.69,nan,S
869,0,3,Passenger_869,female,9.8,3,3,TKT10868,9.01,nan,S
870,1,3,Passenger_870,female,42.3,2,1,TKT10869,36.43,nan,S
871,0,1,Passenger_871,male,45.4,3,4,TKT10870,47.55,nan,S
872,0,3,Passenger_872,male,20.5,1,3,TKT10871,26.03,nan,C
873,1,2,Passenger_873,female,26.2,1,4,TKT10872,68.84,nan,Q
874,1,3,Passenger_874,male,17.0,3,4,TKT10873,80.57,nan,S
875,1,2,Passenger_875,male,39.8,1,4,TKT10874,11.71,nan,S
876,0,1,Passenger_876,male,14.3,3,0,TKT10875,32.11,nan,S
877,1,2,Passenger_877,male,26.5,3,4,TKT10876,46.29,nan,S
878,0,3,Passenger_878,female,17.2,4,3,TKT10877,14.24,E46,C
879,0,3,Passenger_879,male,30.4,0,3,TKT10878,38.67,nan,C
880,0,1,Passenger_880,female,3.7,1,2,TKT10879,10.97,nan,Q
881,0,2,Passenger_881,male,48.9,3,4,TKT10880,31.47,nan,S
882,1,3,Passenger_882,male,15.7,5,0,TKT10881,72.18,G6,S
883,0,3,Passenger_883,male,30.6,0,4,TKT10882,13.38,nan,S
884,1,3,Passenger_884,male,26.6,3,3,TKT10883,51.59,nan,S
885,1,3,Passenger_885,female,18.6,5,1,TKT10884,35.17,nan,S
886,0,3,Passenger_886,female,16.8,1,4,TKT10885,55.99,nan,S
887,1,3,Passenger_887,female,43.3,3,0,TKT10886,31.76,nan,S
888,0,1,Passenger_888,male,22.1,5,3,TKT10887,41.1,C123,S
889,1,3,Passenger_889,male,33.6,2,4,TKT10888,13.28,nan,C
890,0,3,Passenger_890,male,18.1,2,2,TKT10889,11.12,nan,S
891,1,1,Passenger_891,male,20.3,4,1,TKT10890,28.32,nan,C
